{"sw": [41.86496726496591, -87.80603456972543], "ne": [41.90931381909025, -87.7742948521794]}