{"mX": 1.1499897661606796e-05, "bX": -87.80870254598292, "mY": -8.587636352505128e-06, "bY": 41.91654460889906, "W": 4800, "H": 7200}